image,class,confidence,bbox
sam-altman.jpg,person,0.8609462976455688,"[0.0, 144.5071258544922, 2243.78369140625, 1971.0135498046875]"
